username,password,balance,totalBets,gamesPlayed
lin,1234,0.000000,0,0
issei,a,0.000000,0,0
temp,a,0.000000,0,0
nchek,1,999876.520000,0,39
theo,a,0.000000,0,0
bill,1234,8680.000000,2,0
