username,password,balance,totalBets,gamesPlayed
lin,1234,5000.000000,0,0
issei,a,100.000000,3,0
nchek,1,172845.134830,0,0
bill,1234,200000.000000,2,0
testUser,pw,950.000000,1,0
BillChen,123456,1525.000000,15,8
