username,password,balance,totalBets,gamesPlayed
lin,1234,5000.000000,0,0
issei,a,1846.000000,0,0
temp,a,10000.000000,0,0
nchek,1,172845.134830,0,0
will,1234,2000.000000,0,1
theo,a,9000.000000,1,0
bill,1234,1997.000000,0,0
