username,password,balance,totalBets,gamesPlayed
lin,1234,5000.000000,0,0
issei,a,1846.000000,0,0
temp,a,10000.000000,0,0
nchek,1,172845.134830,0,0
will,1234,100010080.000000,0,3
theo,a,9000.000000,1,0
bill,1234,1977.000000,0,2
shaelovesgeronimo,ronimomo,15007.000000,0,2
