username,password,balance,totalBets,gamesPlayed
lin,1234,5000.000000,0,0
issei,a,1000.000000,0,0
nchek,1,123451.000000,0,0
bill,1234,89000.000000,0,0
