username,password,balance,totalBets,gamesPlayed
lin,1234,14040.000000,2,0
issei,a,131.000000,6,0
temp,a,10000.000000,0,0
theo,a,9000.000000,1,0
lin,1234,5000.000000,0,0
issei,a,1000.000000,0,0
nchek,1,172845.134830,0,0
bill,1234,200000.000000,2,0
BillChen,123456,1525.000000,15,8
